S.No.,Task / Requirement,Action Taken (What we did),Status,
1,Rearrange 1st row sequence and add Socteamup logo,"Added SoCTeamup logo to the sidebar, rearranged 'AC Energy Management' title (light grey color), and increased logo size for better fit.",Completed,
2,Customise dark/light mode themes and colors,"Fixed 'Monthly Consumption Trend' chart CSS. Removed hardcoded white background and replaced with dynamic CSS variables (var(--text), var(--muted), transparent) for flawless dark mode support.",Completed,
3,Move Activity feed from Dashboard to Analytics,Shifted the 'System & Telemetry Activity Feed' panel away from the main dashboard into the detailed Analytics tab.,Completed,
4,Energy Analytics modification according to month/week/day,"Implemented global Cost (Rs) vs Energy (kWh) metric toggle. Dynamically recalculates Energy Breakdown, Today Pattern, and Main Summary Rankings based on the selected metric and time range.",Completed,
5,SQL download form options (CSV/PDF) for week/month/year,Created UI buttons and logic for exporting analytics and history as CSV and PDF files based on the selected time period (Weekly/Monthly/Yearly).,Completed,
6,Setting clean with difference icon & clear Auth visibility,"Cleaned up the settings UI, and modified background/text colors for 'Sign In' and 'Create User' buttons on the authentication page to ensure clear contrast and readability.",Completed,
7,Login page branding & footer updates,Enlarged SoCTeamup logo on the login page. Added 'Powered by SoCTeamup Semiconductors Pvt. Ltd.' at the bottom with darker color and increased text size.,Completed,
8,Sidebar 'Powered By' status box,Added 'Powered by SoCTeamup Semiconductors Pvt. Ltd.' box just below the 'ESP32 hub disconnected' box in the sidebar with identical styling.,Completed,
9,Deep project analysis and modern README,"Deeply analyzed Python backend, Postgres DB, and ESP32 flows. Created a professional README.md with Mermaid architecture flowcharts, and safely deleted the old README.txt.",Completed,
,,,,
