date,room_id,start_meter_kwh,end_meter_kwh,daily_energy_kwh,daily_limit_kwh,limit_exceeded,cutoff_triggered,cutoff_time,tariff_per_kwh,energy_charge_inr
2026-08-21,ROOM_101,64.757,64.757,0.000,0.000,FALSE,FALSE,,8.50,0.00
2026-08-24,ROOM_101,64.760,64.762,0.002,0.000,FALSE,FALSE,,8.50,0.02
2026-08-25,ROOM_101,64.762,64.762,0.000,0.000,FALSE,FALSE,,8.50,0.00
2026-08-26,ROOM_102,7.659,7.671,0.012,0.000,FALSE,FALSE,,8.50,0.10
2026-08-26,ROOM_101,64.763,64.763,0.000,0.000,FALSE,FALSE,,8.50,0.00
2026-08-27,ROOM_101,64.763,68.180,3.417,0.000,FALSE,FALSE,,8.50,29.04
2026-08-27,ROOM_102,0.032,10.951,10.919,0.000,FALSE,FALSE,,8.50,92.81
2026-08-27,ROOM_103,0.033,0.471,0.438,0.000,FALSE,FALSE,,8.50,3.72
2026-08-28,ROOM_102,10.951,10.951,0.000,0.000,FALSE,FALSE,,8.50,0.00
2026-08-28,ROOM_101,68.180,68.180,0.000,0.000,FALSE,FALSE,,8.50,0.00
2026-08-28,ROOM_103,0.471,5.342,4.871,0.000,FALSE,FALSE,,8.50,41.40
2026-08-29,ROOM_102,10.951,10.951,0.000,0.000,FALSE,FALSE,,8.50,0.00
2026-08-29,ROOM_103,5.342,5.342,0.000,0.000,FALSE,FALSE,,8.50,0.00
2026-08-29,ROOM_101,68.180,68.180,0.000,0.000,FALSE,FALSE,,8.50,0.00
2026-08-30,ROOM_101,68.180,68.180,0.000,0.000,FALSE,FALSE,,8.50,0.00
2026-08-30,ROOM_102,10.951,10.951,0.000,0.000,FALSE,FALSE,,8.50,0.00
2026-08-30,ROOM_103,5.342,5.342,0.000,0.000,FALSE,FALSE,,8.50,0.00
2026-08-31,ROOM_102,10.951,17.308,6.357,0.000,FALSE,FALSE,,8.50,54.03
2026-08-31,ROOM_103,5.342,8.646,3.304,0.000,FALSE,FALSE,,8.50,28.08
2026-08-31,ROOM_101,68.180,77.847,9.667,0.000,FALSE,FALSE,,8.50,82.17
2026-09-01,ROOM_101,79.263,86.189,6.926,0.000,FALSE,FALSE,,8.50,58.87
2026-09-01,ROOM_102,17.776,21.968,4.192,0.000,FALSE,FALSE,,8.50,35.63
2026-09-01,ROOM_103,9.928,11.030,1.102,0.000,FALSE,FALSE,,8.50,9.37
